[
  {
    "id": 1,
    "title": "Home",
    "link": "/",
    "megaMenu": false,
    "subMenu": false
  },
  {
    "id": 2,
    "title": "About",
    "link": "/about",
    "megaMenu": false,
    "subMenu": false
  },
  {
    "id": 3,
    "title": "Services",
    "link": "/services",
    "megaMenu": false,
    "subMenu": false
  },
  {
    "id": 4,
    "title": "Team",
    "link": "/team",
    "megaMenu": false,
    "subMenu": false
  },
  {
    "id": 5,
    "title": "Blog",
    "link": "/blog-grid-right-sidebar",
    "megaMenu": false,
    "subMenu": false 

  },
  {
    "id": 6,
    "title": "Contact",
    "link": "/contact"
  }
]