{
  "title": "ABOUT US",
  "heading": "We Make Relationship Between Business & Professionals",
  "since": "Since 2023",
  "text": "<strong>Spazinex</strong> always try to provide the best Business Solutions for Clinets to grow up their Business very sharply and smoothly. We pride ourselves on delivering exceptional product solutions tailored to meet your unique needs. With our expertise and dedication, we strive to exceed your expectations and foster long-term partnerships.",
  "btnText": "MORE DETAILS",
  "btnLink": "/about",
  "thumb": "about-2.jpg"
}