[
  {
    "id": 1,
    "title": "Creative Ideas",
    "shortDesc": "At our company, we understand that creative ideas are the driving force behind groundbreaking achievements. We empower our team to bring their imaginative visions to life, providing them with the resources, support, and freedom to innovate.",
    "thumb": "service/01.jpg",
    "previewImages": [
      "service/details/01.jpg",
      "service/details/02.jpg",
      "service/details/03.jpg"
    ],
    "aboutServiceDesc": "<p>We kick-start the creative process by conducting collaborative brainstorming sessions with our clients. Our team encourages open and free-flowing discussions to generate a wide range of ideas, exploring various possibilities and perspectives. We leverage our diverse expertise and industry knowledge to inspire and stimulate creative thinking.</p> <p>We understand that each client has unique needs and goals. Our creative ideas service is tailored to align with your specific requirements, brand identity, and target audience.</p>",
    "features": [
      "Our team of creative experts brings ideas to life through compelling concepts. We focus on developing unique and memorable campaigns that cut through the noise and captivate your audience.",
      "Our creative ideas service includes cross-channel integration, ensuring your campaign is seamlessly executed across traditional and digital platforms."
    ]
  },
  {
    "id": 2,
    "title": "Digital Solutions",
    "shortDesc": "Spazinex is a leading provider of innovative digital solutions that empower businesses to thrive in the digital age. Their comprehensive suite of digital services is tailored to meet the unique needs and goals of each client, driving growth, efficiency, and customer satisfaction.",
    "thumb": "service/02.jpg",
    "previewImages": [
      "service/details/04.jpg",
      "service/details/05.jpg",
      "service/details/06.jpg"
    ],
    "aboutServiceDesc": "<p>We specialize in designing and developing visually stunning and user-friendly websites that serve as powerful digital assets for businesses. Our web development services include front-end and back-end development, responsive design, e-commerce integration, content management systems, and custom web applications.</p>   <p>We help businesses harness the power of mobile technology through our mobile app development services. Whether it's iOS, Android, or cross-platform development, our team creates intuitive and feature-rich mobile apps that provide seamless user experiences and engage customers on the go.</p>",
    "features": [
      "Our digital solutions service begins with a thorough understanding of your business objectives, target audience, and industry landscape. We develop a customized digital strategy that aligns with your goals and leverages the most relevant digital channels and platforms.",
      "We utilize data analytics tools and techniques to track and measure the performance of your digital initiatives. Our team provides comprehensive reports and insights that enable data-driven decision-making and optimization of your digital strategy."
    ]
  },
  {
    "id": 3,
    "title": "Brand & Communication",
    "shortDesc": "At Spezinex, we specialize in helping businesses develop and enhance their brand and communication strategies. Our team of experts understands the power of branding and how it can influence customer perceptions, build trust, and differentiate businesses from their competitors.",
    "thumb": "service/03.jpg",
    "previewImages": [
      "service/details/07.jpg",
      "service/details/08.jpg",
      "service/details/09.jpg"
    ],
    "aboutServiceDesc": "<p>Our communication strategies encompass various channels and platforms, including traditional and digital media, social media, content marketing, public relations, and more. We tailor our approach to each client's specific goals and industry, ensuring that their brand messages reach the right audience at the right time.</p>   <p>we understand the importance of consistency in brand communication. We help businesses establish brand guidelines and ensure that all communication materials, whether it's websites, advertisements, or social media posts, align with the brand's visual identity, tone of voice, and messaging.</p>",
    "features": [
      "Crafting compelling and consistent brand messaging helps in communicating the company's value proposition, brand story, and key messages to the target audience. It involves developing clear and concise messaging that resonates with the brand's values and connects with customers on an emotional level.",
      "Conducting thorough market research allows businesses to understand their target audience, industry trends, and competitors. This information helps in developing effective communication strategies that address the needs, preferences, and pain points of the target market."
    ]
  },
  {
    "id": 4,
    "title": "Creative Strategy",
    "shortDesc": "At Spazinex, we specialize in providing innovative and effective creative strategies that help businesses stand out in a competitive marketplace. Our team of creative strategists combines their expertise in marketing, design, and communication to develop compelling and results-driven campaigns.",
    "thumb": "service/04.jpg",
    "previewImages": [
      "service/details/10.jpg",
      "service/details/11.jpg",
      "service/details/12.jpg"
    ],
    "aboutServiceDesc": "<p>Creative strategy that we are provide is involve developing innovative and effective strategies to meet the marketing and communication goals of the business. These services aim to create unique and compelling concepts that resonate with the target audience, enhance brand visibility, and drive business growth.</p>   <p>Creative strategy services help businesses define their brand positioning in the market. This involves identifying the target audience, understanding market trends, and crafting a unique value proposition that sets the brand apart from competitors.</p>",
    "features": [
      "This includes designing logos, typography, color schemes, and other visual assets that reflect the brand's personality and evoke the desired emotional response from the audience.",
      "Developing a content strategy is crucial for effective communication and engagement with the target audience. Creative strategy services assist in identifying the most suitable content formats (e.g., blog posts, videos, social media posts) and channels to convey the brand's message and provide value to customers."
    ]
  },
  {
    "id": 5,
    "title": "Marketing Policy",
    "shortDesc": "Spazinex is committed to implementing a comprehensive and effective marketing policy that drives growth, enhances brand visibility, and cultivates meaningful connections with our target audience. Our marketing policy serves as a guiding framework for our marketing activities, ensuring consistency, transparency, and ethical practices throughout all our initiatives.",
    "thumb": "service/05.jpg",
    "previewImages": [
      "service/details/13.jpg",
      "service/details/14.jpg",
      "service/details/15.jpg"
    ],
    "aboutServiceDesc": "<p>The marketing policy should align with the organization's overall mission and objectives. It should clearly define the purpose of marketing efforts and the desired outcomes, such as increasing brand awareness, generating leads, driving sales, or fostering customer loyalty.</p>   <p>The policy should identify the target market and provide guidance on segmenting the market based on demographics, psychographics, or other relevant criteria. It should outline the organization's understanding of customer needs, preferences, and behavior to inform marketing strategies.</p>",
    "features": [
      "Marketing policies may outline the company's identified target market segments and provide guidance on how to effectively reach and engage these audiences. This includes demographic information, psychographic profiles, and insights into customer preferences and behaviors.",
      "Policies may define the approved marketing communication channels and platforms that the company utilizes. This can include digital channels such as websites, social media platforms, email marketing, content marketing, as well as traditional channels like print media, radio, or television."
    ]
  },
  {
    "id": 6,
    "title": "Campaign & PR",
    "shortDesc": "Spazinex specializes in developing impactful campaigns and executing effective public relations strategies to help businesses reach their target audience and build a positive brand image. Our experienced team of marketing and PR professionals combines creativity, strategy, and industry knowledge to deliver exceptional results.",
    "thumb": "service/06.jpg",
    "previewImages": [
      "service/details/16.jpg",
      "service/details/17.jpg",
      "service/details/18.jpg"
    ],
    "aboutServiceDesc": "<p>Developing a well-defined campaign plan is essential. This involves setting clear objectives, identifying target audiences, crafting key messages, and determining the appropriate channels and tactics to reach the intended audience effectively.</p>   <p>Building relationships with journalists, bloggers, and influencers is vital for securing media coverage and generating positive publicity. This includes creating media lists, crafting press releases and media pitches, and organizing media events or interviews to share news and stories about the organization.</p>",
    "features": [
      "Effective Campaign & PR strategies begin with thorough strategic planning. This involves setting clear goals, identifying target audiences, defining key messages, and selecting appropriate channels and tactics to reach the intended audience.",
      "Measuring the effectiveness of Campaign & PR efforts is critical to understanding their impact and optimizing strategies. Utilizing metrics such as media coverage, reach, sentiment analysis, website traffic, and social media engagement provides insights for refining future campaigns."
    ]
  }
]