[
  {
    "id": 1,
    "title": "New Business Strategy",
    "excerpt": "We have great creative team they always ready to helped you. voluptatem quiase voluptase aspernatur auted fugit",
    "thumb": "blog/01.jpg",
    "content": "<p>In today's fast-paced and ever-evolving business landscape, the need for a new business strategy has become more crucial than ever. As markets shift, consumer behaviors change, and technology continues to advance, organizations must adapt and embrace innovative approaches to stay competitive. In this blog, we will explore the significance of a new business strategy and how it can shape the future of your organization.</p> <p>The first step in developing a new business strategy is acknowledging the need for change. Complacency can be detrimental in today's dynamic environment. By proactively seeking out new opportunities, exploring untapped markets, and embracing emerging trends, businesses can position themselves as industry leaders.</p> <blockquote class='blockquote'><p>The power of a new business strategy lies not only in its novelty but in the courage to embrace change, the agility to adapt, and the vision to transform challenges into opportunities.</p></blockquote><p>A comprehensive analysis of the market landscape is a crucial aspect of crafting a new business strategy. Understanding customer needs, preferences, and pain points enables businesses to tailor their offerings accordingly. Analyzing competitors' strategies and identifying white spaces in the market can also provide valuable insights for differentiation and gaining a competitive edge.</p><p>In an era of constant change and disruption, a new business strategy is more than a mere document; it is a dynamic blueprint for success. By embracing change, setting clear goals, analyzing the market landscape, fostering innovation, allocating resources wisely, and promoting agility and alignment, organizations can position themselves for growth and navigate the challenges of the future. Remember, the power of a new business strategy lies not only in its creation but also in its execution and continuous adaptation.</p>",
    "publishDate": "Feb 01, 2023",
    "author": {
      "name": "Alex Tuntuni",
      "designation": "Content Writer",
      "proPic": "team-blog/01.jpg",
      "socials": {
        "facebook": "hasthemes",
        "twitter": "hasthemes",
        "linkedin": "hasthemes"
      }
    }
  },
  {
    "id": 2,
    "title": "Master Business Plan",
    "excerpt": "We have great creative team they always ready to helped you. voluptatem quiase voluptase aspernatur auted fugit",
    "thumb": "blog/02.jpg",
    "content": "<p>In the world of business, a solid plan is the compass that guides entrepreneurs and organizations towards their desired destination. A master business plan serves as the blueprint, outlining strategies, goals, and the roadmap for success. In this blog, we will explore the essential elements of a master business plan and how it can set you on the path to achieving your entrepreneurial dreams.</p> <p>The executive summary is a concise overview of your business plan, capturing the essence of your venture. It highlights the company's mission, unique value proposition, target market, and financial projections. This section provides a snapshot of your business, enticing readers to delve deeper into your plan.</p> <blockquote class='blockquote'><p>A master business plan is not merely a roadmap; it is a strategic masterpiece that weaves together vision, innovation, and meticulous execution, leading an organization towards its greatest triumphs.</p></blockquote><p>Describe your company's organizational structure, including the key roles and responsibilities of team members. Highlight the qualifications and expertise of your management team, demonstrating their ability to drive the business forward. Investors and stakeholders need to have confidence in the team behind the business.</p><p>Crafting a master business plan is an indispensable step in building a strong foundation for your entrepreneurial journey. It serves as a strategic roadmap, guiding your decisions, and ensuring alignment with your vision. Invest time and effort in developing a comprehensive plan that reflects your business's unique strengths and market opportunities. With a well-crafted master business plan, you'll be better equipped to overcome challenges, seize opportunities.</p>",
    "publishDate": "Feb 02, 2023",
    "author": {
      "name": "Necklaces Jahan",
      "designation": "Content Writer",
      "proPic": "team-blog/02.jpg",
      "socials": {
        "facebook": "hasthemes",
        "twitter": "hasthemes",
        "linkedin": "hasthemes"
      }
    }
  },
  {
    "id": 3,
    "title": "Corporate Conference",
    "excerpt": "We have great creative team they always ready to helped you. voluptatem quiase voluptase aspernatur auted fugit",
    "thumb": "blog/03.jpg",
    "content": "<p>Corporate conferences serve as powerful platforms for professionals to gather, connect, and exchange knowledge and ideas. These events bring together individuals from various industries and backgrounds, creating an environment ripe for learning, networking, and personal growth. In this blog post, we will delve into the significance of corporate conferences and explore the valuable insights and experiences they offer.</p> <p>Corporate conferences provide an excellent opportunity to stay abreast of the latest trends, innovations, and developments in your industry. Renowned keynote speakers, industry experts, and thought leaders often grace these events, delivering enlightening presentations and sharing their valuable experiences. Attending sessions and workshops can equip you with the knowledge and insights needed to make informed decisions and adapt to the ever-changing business landscape.</p> <blockquote class='blockquote'><p>A corporate conference is not just a gathering of minds; it is an opportunity to ignite inspiration, foster collaboration, and forge the path towards collective success.</p></blockquote><p>Corporate conferences serve as dynamic platforms for growth, learning, and connection. By participating in these events, you can expand your knowledge, develop professional relationships, and gain fresh perspectives on your industry. Embrace the opportunities provided by corporate conferences and allow them to fuel your journey towards success. So, mark your calendar, pack your bags, and get ready to embark on an enriching adventure of discovery and growth at the next corporate conference!</p>",
    "publishDate": "Feb 03, 2023",
    "author": {
      "name": "Raju Ahammad",
      "designation": "Content Writer",
      "proPic": "team-blog/03.jpg",
      "socials": {
        "facebook": "hasthemes",
        "twitter": "hasthemes",
        "linkedin": "hasthemes"
      }
    }
  },
  {
    "id": 4,
    "title": "When the morning dawns",
    "excerpt": "If I have a chance to whisper the best advice to a baby and he’ll remember it for the rest of his life is this",
    "thumb": "blog/04.jpg",
    "content": "<p>Every morning brings with it the promise of a fresh start, a new beginning. As the sun rises, it illuminates the world, casting away the darkness of the night and filling our lives with light and hope. 'When the morning dawns' is a phrase that encapsulates the transformative power of each new day. In this blog post, we will explore the beauty and significance of the morning hours and discover how we can make the most of this precious time.</p> <p>When the morning dawns, nature awakens from its slumber. The birds start their melodious symphony, flowers bloom, and the gentle breeze carries the fragrance of a new day. Observing these marvels reminds us of the interconnectedness of all living beings and fills us with a sense of gratitude for the beauty that surrounds us.</p> <blockquote class='blockquote'><p>When the morning dawns, it brings with it a new canvas upon which to paint the colors of your dreams and aspirations.</p></blockquote><p>'When the morning dawns', it offers us a gift—a chance to start anew, to embrace the wonders of life, and to nurture our mind, body, and soul. By consciously awakening with gratitude, setting intentions, and engaging in meaningful activities, we can unlock the potential of each day and create a life filled with purpose and joy. Let us greet each morning with open hearts and open minds, for within the first rays of sunlight lies the promise of endless possibilities.</p><p>Lorem ipsum dolor sit amet, consectetur adipisicing elit. Aliquam aperiam assumenda culpa cumque debitis dignissimos, dolor dolores doloribus ducimus fuga iusto magni maiores minus nam numquam officiis provident quasi</p>",
    "publishDate": "Feb 04, 2023",
    "author": {
      "name": "Tunir Ma",
      "designation": "Content Writer",
      "proPic": "team-blog/04.jpg",
      "socials": {
        "facebook": "hasthemes",
        "twitter": "hasthemes",
        "linkedin": "hasthemes"
      }
    }
  },
  {
    "id": 5,
    "title": "Become who you say you",
    "excerpt": "Treat yourself to a night relive laden age of the railway Petworth with stay at The Old Railway Station in West Sussex",
    "thumb": "blog/05.jpg",
    "content": "<p>In a world that often encourages conformity and masks our true selves, the journey of becoming who you say you are is a powerful and transformative one. It's about embracing authenticity, uncovering your passions, and aligning your actions with your values. This blog explores the significance of being true to yourself and offers insights on how to embark on this empowering journey of personal growth.</p> <p>In a world that often encourages conformity and masks our true selves, the journey of becoming who you say you are is a powerful and transformative one. It's about embracing authenticity, uncovering your passions, and aligning your actions with your values. This blog explores the significance of being true to yourself and offers insights on how to embark on this empowering journey of personal growth.</p> <blockquote class='blockquote'><p>Embrace your authenticity, believe in your potential, and unleash the power within. The journey to self-discovery starts with the courage to become your true self, paving the way for boundless possibilities and an extraordinary life.</p></blockquote><p>Becoming who you say you are is a transformative journey that leads to self-discovery, growth, and a life filled with authenticity. Embrace self-reflection, challenge limiting beliefs, set meaningful goals, and cultivate self-compassion. Embody authenticity not only within yourself but also in your relationships. Remember, your authentic self is beautiful and worthy, and by embracing it, you'll unlock the true potential within you to create a life that is truly your own.</p>",
    "publishDate": "Feb 05, 2023",
    "author": {
      "name": "John Smith",
      "designation": "Content Writer",
      "proPic": "team-blog/05.jpg",
      "socials": {
        "facebook": "hasthemes",
        "twitter": "hasthemes",
        "linkedin": "hasthemes"
      }
    }
  },
  {
    "id": 6,
    "title": "Daily reason to be happy",
    "excerpt": "Happiness is the universal feeling we all aspire to experience more of, yet, we can be an angry, moody",
    "thumb": "blog/06.jpg",
    "content": "<p>In the hustle and bustle of our busy lives, it's easy to get caught up in the rush and forget to appreciate the little things that bring us joy. However, happiness isn't solely found in grand achievements or extravagant experiences. It's the accumulation of daily reasons to be happy that truly enriches our lives. By consciously seeking and embracing these moments, we can cultivate a positive mindset and find contentment in the present. Let's explore some of the simple yet powerful reasons that remind us why each day is worth celebrating.</p> <p>Every morning, nature paints a breathtaking masterpiece across the sky as the sun rises, casting its warm glow on the world. Take a moment to witness this daily miracle, and let gratitude wash over you. The beauty of a new day dawning is a reminder of endless possibilities and the chance for a fresh start.</p> <blockquote class='blockquote'><p>Find happiness in the simple joys that surround you, for within them lie the reasons to be happy. Embrace the warmth of a genuine smile, the comfort of a cherished friendship, and the beauty of a new day. Discover happiness in the laughter that echoes through the air and the moments that make your heart dance. Life's truest joys are often found in the smallest of things, so let gratitude guide your spirit and happiness will effortlessly find its way into your life.</p></blockquote><p>Every day presents us with countless reasons to be happy, if only we take the time to notice and appreciate them. By embracing the beauty of the sunrise, the warmth of connections, the sense of achievement, the wonders of nature, the kindness of others, and the pursuit of our passions, we can infuse our lives with daily doses of happiness. Remember, happiness is not a destination but a journey, and it starts with finding joy in life's simple moments. So, let's savor each day, cherish the reasons to be happy, and cultivate a life filled with gratitude, positivity, and an abundance of smiles.</p>",
    "publishDate": "Feb 06, 2023",
    "author": {
      "name": "Hasna Alex",
      "designation": "Content Writer",
      "proPic": "team-blog/06.jpg",
      "socials": {
        "facebook": "hasthemes",
        "twitter": "hasthemes",
        "linkedin": "hasthemes"
      }
    }
  },
  {
    "id": 7,
    "title": "Good morning Developer",
    "excerpt": "Objectively streamline magnetic leadership skills vis-a-vis an expanded array of paradigms appropriately incentivize adaptive.",
    "thumb": "blog/07.jpg",
    "content": "<p>As the sun rises and a new day begins, developers around the world embark on their coding journeys, armed with passion, curiosity, and a cup of freshly brewed coffee. The morning hours present a unique opportunity for developers to kickstart their productivity, set the tone for the day ahead, and dive into the world of coding with renewed energy. In this blog, we explore the significance of a good morning routine for developers and uncover tips to make the most of this vital time.</p> <p>Starting the day early allows developers to capture the quiet moments of tranquility, offering a sense of solitude and uninterrupted focus. Waking up with purpose and a positive mindset can set the stage for a productive day ahead.</p> <blockquote class='blockquote'><p>Coding wizards, shaping the digital realm with passion and curiosity. Developers are the architects of innovation, crafting the future through lines of code. Their creativity and drive push boundaries, leaving an impactful legacy in the digital landscape.</p></blockquote><p>Creating a morning ritual tailored to individual preferences can help developers ease into the day. Whether it's practicing meditation, engaging in light exercise, or journaling thoughts and goals, a ritual sets the stage for mindfulness and fosters a sense of calm before diving into the code.</p>",
    "publishDate": "Feb 07, 2023",
    "author": {
      "name": "Mia Johnson",
      "designation": "Content Writer",
      "proPic": "team-blog/01.jpg",
      "socials": {
        "facebook": "hasthemes",
        "twitter": "hasthemes",
        "linkedin": "hasthemes"
      }
    }
  },
  {
    "id": 8,
    "title": "Wonderful life workshop",
    "excerpt": "The loss of a single species is a tragic event and yet we lose an estimated 10,000 species to extinction every year",
    "thumb": "blog/08.jpg",
    "content": "<p>Life is a journey filled with ups and downs, and sometimes we need guidance and inspiration to navigate its twists and turns. That's where the Wonderful Life Workshop comes in—a transformative experience designed to empower individuals and help them discover their true potential. In this blog, we will delve into the captivating world of the Wonderful Life Workshop and explore how it can positively impact your life.</p> <p>The Wonderful Life Workshop is not just about acquiring knowledge; it is about transformation. Participants are encouraged to step out of their comfort zones, challenge limiting beliefs, and embrace personal growth. The workshop offers a safe and nurturing space for individuals to explore their fears, overcome self-imposed limitations, and unlock their true potential. This transformative experience often results in increased self-confidence, improved self-awareness, and a renewed sense of purpose.</p> <blockquote class='blockquote'><p>Discover your extraordinary life at the Wonderful Life Workshop. Ignite your soul, embrace transformation, and find joy in the journey.</p></blockquote><p>The Wonderful Life Workshop is an immersive journey that empowers individuals to live their lives to the fullest. By guiding participants through self-discovery, resilience-building, and fostering positive relationships, this transformative experience leaves a lasting impact. If you're seeking personal growth, clarity of purpose, and a renewed zest for life, the Wonderful Life Workshop might just be the catalyst you've been searching for. Embrace the journey, unlock your potential, and create a truly wonderful life.</p>",
    "publishDate": "Feb 08, 2023",
    "author": {
      "name": "Rabeya Kathun",
      "designation": "Content Writer",
      "proPic": "team-blog/02.jpg",
      "socials": {
        "facebook": "hasthemes",
        "twitter": "hasthemes",
        "linkedin": "hasthemes"
      }
    }
  },
  {
    "id": 9,
    "title": "Brunch at Terrine",
    "excerpt": "I carry my years without submitting to the regimen of time and its chronology of dates and seasons.",
    "thumb": "blog/09.jpg",
    "content": "<p>Brunch, a blissful fusion of breakfast and lunch, has become a beloved weekend tradition for many food enthusiasts. One place that stands out in offering an exceptional brunch experience is Terrine. Nestled in the heart of the city, Terrine is renowned for its inviting atmosphere, delectable dishes, and a menu that tantalizes taste buds. Join us as we embark on a culinary journey, exploring the highlights of a brunch at Terrine.</p> <p>As you step into Terrine, you'll be greeted by a warm and inviting ambiance that effortlessly blends rustic charm with modern elegance. The cozy interior, adorned with stylish decor and soft lighting, sets the perfect stage for a relaxing and enjoyable brunch experience. Whether you choose to sit indoors or in the enchanting outdoor patio, Terrine's ambiance sets the mood for an unforgettable dining experience.</p> <blockquote class='blockquote'><p>A culinary delight awaits at Terrine's brunch. Indulge in exquisite flavors, embrace the inviting ambiance, and savor the moments of togetherness. It's a celebration of taste, laughter, and cherished memories in every bite.</p></blockquote><p>Terrine's brunch menu is a delightful symphony of flavors, showcasing a diverse array of culinary creations that cater to all palates. From classic favorites to inventive twists, every dish is thoughtfully crafted using fresh, locally sourced ingredients. Indulge in fluffy buttermilk pancakes topped with seasonal fruits and drizzled with maple syrup, or savor the rich and savory eggs Benedict served with a luscious hollandaise sauce. Vegetarian and vegan options are also available, ensuring that everyone can find something to suit their preferences.</p>",
    "publishDate": "Feb 09, 2023",
    "author": {
      "name": "Sophia Anderson",
      "designation": "Content Writer",
      "proPic": "team-blog/03.jpg",
      "socials": {
        "facebook": "hasthemes",
        "twitter": "hasthemes",
        "linkedin": "hasthemes"
      }
    }
  },
  {
    "id": 10,
    "title": "Mind power the ultimate success",
    "excerpt": "The opportunity to innovate is something enjoy your lif most of us want more of in our daily work lives.",
    "thumb": "blog/10.jpg",
    "content": "<p>The human mind is an extraordinary tool capable of influencing our lives in profound ways. It holds immense power that, when harnessed correctly, can lead to ultimate success and fulfillment. In this blog, we will explore the concept of mind power and how it can be harnessed to achieve greatness in various aspects of life.</p> <p>Belief is the foundation upon which mind power operates. By cultivating a strong belief in oneself, one's abilities, and the possibilities that lie ahead, we set the stage for success. Positive affirmations, visualization, and maintaining a growth mindset all contribute to reinforcing our belief system and unlocking our mind's potential.</p> <blockquote class='blockquote'><p>Unlock the extraordinary within, for the power of the mind holds the key to ultimate success. Harness its boundless potential, fuel your dreams with unwavering belief, and witness the transformation unfold. Through focus, determination, and a steadfast spirit, the mind paves the way to greatness, shaping destinies and conquering obstacles. Embrace the power within, for it is the driving force that propels dreams into reality and propels you towards the pinnacle of success</p></blockquote><p>Belief is the foundation upon which mind power operates. By cultivating a strong belief in oneself, one's abilities, and the possibilities that lie ahead, we set the stage for success. Positive affirmations, visualization, and maintaining a growth mindset all contribute to reinforcing our belief system and unlocking our mind's potential.</p><p>Our thoughts and self-talk have a significant impact on our mindset and, consequently, our actions and outcomes. Adopting a positive thinking approach and replacing self-limiting beliefs with empowering thoughts can rewire our mind for success. By fostering a positive mindset, we cultivate resilience, creativity, and the ability to overcome obstacles.</p>",
    "publishDate": "Feb 10, 2023",
    "author": {
      "name": "Tasnim Akter",
      "designation": "Senior Writer",
      "proPic": "team-blog/04.jpg",
      "socials": {
        "facebook": "hasthemes",
        "twitter": "hasthemes",
        "linkedin": "hasthemes"
      }
    }
  },
  {
    "id": 11,
    "title": "Flower fiesta",
    "excerpt": "From the enclosure wall of the cemetery you can enjoy a distant view to the west into the Pustertal",
    "thumb": "blog/11.jpg",
    "content": "<p>Nature has a remarkable way of captivating our senses with its exquisite beauty, and one of the most enchanting displays it offers is a flower fiesta. Bursting with vibrant colors, intoxicating scents, and delicate petals, flowers have been celebrated by cultures around the world for centuries. In this blog, we will embark on a journey to explore the magic of flower fiestas, where nature takes center stage, and we immerse ourselves in a kaleidoscope of colors.</p> <p>Flower festivals are joyous occasions that bring communities together to revel in the beauty of nature. These events showcase a breathtaking array of flowers, from sprawling fields of wildflowers to meticulously designed gardens adorned with carefully cultivated blooms. Whether it's the famous Tulip Festival in the Netherlands, the Cherry Blossom Festival in Japan, or the Rose Parade in California, each flower fiesta offers a unique celebration of nature's floral treasures.</p> <blockquote class='blockquote'><p>Bursting with vibrant colors and delicate petals, the Flower Fiesta unveils nature's symphony of beauty. Amidst the fragrant blossoms, we celebrate the artistry of creation and find solace in their enchanting presence. Each bloom tells a story, whispering tales of growth, resilience, and the ever-changing seasons. Let the Flower Fiesta captivate your senses, reminding you to appreciate life's delicate moments and embrace the blossoming journey that lies ahead.</p></blockquote><p>Flower fiestas often hold deep cultural significance in various regions. They are not only a celebration of nature's beauty but also a reflection of local traditions, history, and folklore. These festivals serve as a platform to showcase the diverse flora of a region, symbolizing renewal, growth, and the fleeting nature of beauty. They are an opportunity for communities to come together, share their cultural heritage, and create lasting memories.</p>",
    "publishDate": "Feb 11, 2023",
    "author": {
      "name": "Hasan Al Mubarak",
      "designation": "Senior Writer",
      "proPic": "team-blog/05.jpg",
      "socials": {
        "facebook": "hasthemes",
        "twitter": "hasthemes",
        "linkedin": "hasthemes"
      }
    }
  },
  {
    "id": 12,
    "title": "Discovering Paris",
    "excerpt": "The most important enjoy your lif thing is to enjoy your life - to be happy - it's enjoy your lif all that matters.",
    "thumb": "blog/12.jpg",
    "content": "<p>Paris, the enchanting capital of France, is a city that needs no introduction. With its iconic landmarks, rich history, and unparalleled charm, it has captivated the hearts of millions of visitors from around the world. From the elegant boulevards and quaint cafes to the world-class museums and vibrant neighborhoods, Paris offers a treasure trove of experiences waiting to be discovered. Join us on a journey through the City of Lights as we unravel its hidden gems, indulge in culinary delights, and immerse ourselves in the cultural tapestry that makes Paris truly unique.</p> <p>No trip to Paris is complete without a visit to its world-famous landmarks. From the magnificent Eiffel Tower, offering breathtaking views of the city, to the grandeur of Notre-Dame Cathedral and the historic Louvre Museum housing the enigmatic Mona Lisa, these iconic sites provide a glimpse into Paris' rich history and architectural splendor.</p> <blockquote class='blockquote'><p>Paris, a city that invites you to wander its streets, taste its flavors, and immerse yourself in its timeless charm. With each step, you uncover hidden gems, captivating history, and a tapestry of cultures. From the Eiffel Tower's grandeur to the Louvre's artistic treasures, Paris beckons you to discover its enchanting secrets. Let the city of love ignite your senses and embrace the magic of discovering Paris, where every corner reveals a new chapter in your own personal love story</p></blockquote><p>Paris is a city of neighborhoods, each with its own distinct character and charm. Explore the cobbled streets of Montmartre, with its bohemian atmosphere and the iconic Sacré-Cœur Basilica. Wander through the Marais district, known for its trendy boutiques and historic Jewish quarter. Experience the vibrant Latin Quarter, filled with lively cafes, bookshops, and the world-renowned Sorbonne University. Each neighborhood offers a unique perspective and a chance to discover the local culture.</p><p>Paris is synonymous with gastronomy. Treat your taste buds to a culinary adventure by savoring delectable pastries at a traditional patisserie, enjoying a leisurely brunch at a cozy café, or indulging in a sumptuous meal at a Michelin-starred restaurant. Don't forget to explore the vibrant food markets like Marché des Enfants Rouges, where you can sample local delicacies and immerse yourself in the culinary traditions of the city.</p>",
    "publishDate": "Feb 12, 2023",
    "author": {
      "name": "Noah Thompson",
      "designation": "Junior Writer",
      "proPic": "team-blog/06.jpg",
      "socials": {
        "facebook": "hasthemes",
        "twitter": "hasthemes",
        "linkedin": "hasthemes"
      }
    }
  },
  {
    "id": 13,
    "title": "Weekend trip",
    "excerpt": "Treat yourself to a night re-living the golden age of the railway with a stay at The Old Railway Station in Petworth, West Sussex.",
    "thumb": "blog/13.jpg",
    "content": "<p>In our fast-paced lives, it's important to take a break from the hustle and bustle, recharge our batteries, and embark on refreshing adventures. A weekend trip presents the perfect opportunity to escape the monotony of daily routines and immerse ourselves in new experiences. Whether you seek relaxation, outdoor exploration, or cultural immersion, a weekend getaway offers a taste of adventure and rejuvenation. Join us as we delve into the world of weekend trips and discover the endless possibilities that await.</p> <p>If immersing yourself in history, art, and culture is more your style, a weekend city break might be just what you need. Choose a vibrant metropolis known for its museums, galleries, and architectural wonders. Explore the cobblestone streets, visit renowned landmarks, and indulge in local cuisine. Immerse yourself in the cultural fabric of the city, attend live performances, or wander through bustling markets. Every corner holds a story waiting to be discovered.</p> <blockquote class='blockquote'><p>Escape. Explore. Embrace. A weekend trip is your chance to break free from the ordinary, discover new horizons, and create unforgettable memories. Leave your worries behind and let the beauty of the world inspire and rejuvenate you. Embrace the adventure that awaits and make the most of every moment on your weekend getaway.</p></blockquote><p>A classic weekend adventure involves hitting the open road and embarking on a thrilling road trip. Plan a scenic route, pack some snacks, and set off on an unforgettable journey. Discover hidden gems, picturesque landscapes, and charming towns along the way.</p><p>Weekend trips are the perfect way to break the routine, embark on new adventures, and rejuvenate the mind, body, and soul. Whether you seek tranquility in nature, cultural immersion, relaxation, culinary delights, or a thrilling road trip, a weekend getaway offers a taste of escape and exploration. So, pack your bags, embrace the spirit of adventure, and create unforgettable memories during your next weekend trip. The world awaits your exploration, just a short journey away.</p>",
    "publishDate": "Feb 13, 2023",
    "author": {
      "name": "Olivia",
      "designation": "Senior Writer",
      "proPic": "team-blog/01.jpg",
      "socials": {
        "facebook": "hasthemes",
        "twitter": "hasthemes",
        "linkedin": "hasthemes"
      }
    }
  },
  {
    "id": 14,
    "title": "Wild Life Workshop",
    "excerpt": "Habitat loss, climate change, poaching, and pollution paint a bleaked climate changed, poaching picture for threatened",
    "thumb": "blog/14.jpg",
    "content": "<p>The natural world is teeming with remarkable creatures and breathtaking landscapes that captivate our imagination. For those passionate about wildlife, a wildlife workshop offers a unique opportunity to delve deeper into the wonders of nature, learn from experts, and experience firsthand the magic of the animal kingdom. In this blog, we will take you on a journey through a wildlife workshop, exploring the enriching experiences and invaluable insights gained along the way.</p> <p>A wildlife workshop immerses participants in the heart of nature, providing a chance to witness wildlife in its natural habitat. From lush jungles to vast savannahs, participants embark on thrilling expeditions led by experienced guides and naturalists. Tracking footprints, listening to the sounds of the wilderness, and observing animal behaviors up close, each moment unfolds as a fascinating lesson in the interconnectedness of ecosystems.</p> <blockquote class='blockquote'><p>Connecting with nature's wonders through a wildlife workshop: Discover, learn, and embrace the extraordinary beauty and importance of our wildlife, igniting a passion for conservation and a deeper understanding of our interconnectedness with the natural world.</p></blockquote><p>Wildlife workshops bring together passionate experts who have dedicated their lives to studying and conserving wildlife. These knowledgeable individuals serve as guides, educators, and mentors, sharing their wisdom, expertise, and stories. Through engaging presentations, interactive discussions, and field activities, participants gain a deeper understanding of the intricacies of different species, their habitats, conservation challenges, and the importance of protecting biodiversity.</p><p>Photography enthusiasts find wildlife workshops to be a paradise for capturing awe-inspiring moments. Guided by professional wildlife photographers, participants learn techniques to capture stunning images that tell compelling stories. From mastering composition and lighting to understanding animal behavior, each click of the shutter becomes an opportunity to freeze a fleeting moment in time, preserving it as a testament to the beauty of the natural world.</p>",
    "publishDate": "Feb 14, 2023",
    "author": {
      "name": "KB Arifa",
      "designation": "Senior Writer",
      "proPic": "team-blog/02.jpg",
      "socials": {
        "facebook": "hasthemes",
        "twitter": "hasthemes",
        "linkedin": "hasthemes"
      }
    }
  }
]